Name,Address,Suite/Shop,Telephone,Website,Hours or Desc.,Email,Image Url,Latitude,Longitude,Category
SAK WoodWorks | สาขาจันทบุรี,16/7 ถ.สายตรอกนอง ต.ขลุง อ.ขลุง จ.จันทบุรี ประเทศไทย 22110,,099-7121071,https://www.sakwoodworks.com/,จ. - ศ. 8.00 - 17.00 เสาร์ 09.00-15.00 หยุดทุกวันอาทิตย์,info@sakww.com,https://static.wixstatic.com/media/a5eea9_9e34aef2503244448063be4b09104fad~mv2.jpg,12.4617914,102.2290141,Branches
SAK WoodWorks | สาขาปทุมธานี,39/4 หมู่. 6 ต. คลองสี่ อ. คลองหลวง จ. ปทุมธานี 12120,,095-9544149,https://www.sakwoodworks.com/,จ. - ศ. 8.00 - 17.00 เสาร์ 09.00-15.00 หยุดทุกวันอาทิตย์,info@sakww.com,https://static.wixstatic.com/media/a5eea9_9e34aef2503244448063be4b09104fad~mv2.jpg,14.0596784,100.693748,Branches
SAK WoodWorks | สาขาเชียงใหม่ ,411 ม. 4 ต.สันทรายน้อย อ.สันทราย จ.เชียงใหม่ 50210,,(052)005596,https://www.sakwoodworks.com/,จ. - ศ. 8.00 - 17.30 เสาร์ 09.00-15.00 หยุดทุกวันอาทิตย์,info@sakww.com,https://static.wixstatic.com/media/a5eea9_9e34aef2503244448063be4b09104fad~mv2.jpg,18.8342623,99.0356441,Branches
สุขสวัสดิ์ ค้าไม้ | SAK WoodWorks ตัวแทนจำหน่าย,48 ถนนตรัสวงศ์ ตำบลฟ้าฮ่าม อำเภอเมือง จังหวัดเชียงใหม่ 50000,,(053)244180,https://www.suksawad.co.th/,เวลาทำการ: 08:00 - 17:00,Info@suksawad.co.th,https://static.wixstatic.com/media/e01c8b_b2d6c40a84d749429452b3410f6ffc2d~mv2.png,18.8057714,99.0143731,Dealers
"U Puzzle Co., Ltd.  | SAK WoodWorks ตัวแทนจำหน่าย",108 หมู่ 7 ต.พงสวาย อ.เมือง จ.ราชบุรี 70000,,084-3196968,http://www.uupuzzle.com/,เวลาทำการ: 08:00 - 17:00,buccaneer@uupuzzle.com,https://static.wixstatic.com/media/f3e970_efceac04efe24c7488712550a1bcab59~mv2.jpg,13.5470449,99.862984,Dealers
ตาฟุ้ง สอยดาว | SAK WoodWorks ตัวแทนจำหน่าย,ต.ทรายขาว อ.สอยดาว จ.จันทบุรี 22180,,081-9962389,https://www.facebook.com/pages/%E0%B8%95%E0%B8%B2%E0%B8%9F%E0%B8%B8%E0%B9%89%E0%B8%87%E0%B9%84%E0%B8%A1%E0%B9%89%E0%B9%81%E0%B8%9A%E0%B8%9A/376583309085469,เวลาทำการ: 08:00 - 17:00,,https://static.wixstatic.com/media/a5eea9_9e34aef2503244448063be4b09104fad~mv2.jpg,12.625936,102.148377,Dealers
ตาฟุ้ง ตราด | SAK WoodWorks ตัวแทนจำหน่าย,"3, วังกระแจะ, อ.เมือง, จ.ตราด 23000",,081-996 2389,https://www.facebook.com/pages/%E0%B8%95%E0%B8%B2%E0%B8%9F%E0%B8%B8%E0%B9%89%E0%B8%87%E0%B9%84%E0%B8%A1%E0%B9%89%E0%B9%81%E0%B8%9A%E0%B8%9A/376583309085470,เวลาทำการ: 08:00 - 17:00,,https://static.wixstatic.com/media/a5eea9_9e34aef2503244448063be4b09104fad~mv2.jpg,12.25941085,102.4779524,Dealers
บ้านคลองค้าไม้ | SAK WoodWorks ตัวแทนจำหน่าย,333/11 ถนนสีหราชเดโชชัย ตำบลในเมือง เทศบาลนครพิษณุโลก 65000,,055-259 218,https://www.facebook.com/BanKhlongtimber/,เวลาทำการ: 07:30 - 17:00,,https://static.wixstatic.com/media/e01c8b_f23a796e3f3148ef9c84334921b04924~mv2.jpg,16.8180763,100.2388045,Dealers
บ้านไม้อินเตอร์ค้าไม้ | SAK WoodWorks ตัวแทนจำหน่าย,97 ม.9 ถนนมิตรภาพ ต.สะอาด อ.น้ำพอง จ.ขอนแก่น 40340,,087-4509988,https://th-th.facebook.com/addy1974/,เวลาทำการ: 07:30 - 17:01,,https://static.wixstatic.com/media/a5eea9_9349f5b434804887a580c9a491ae404c~mv2.jpg,16.7725944,102.8156215,Dealers
โรงโป๊ะค้าไม้ | SAK WoodWorks ตัวแทนจำหน่าย,13 ม. 4 อ.บางละมุง จ.ชลบุรี 20150,,093-9356664,https://th-th.facebook.com/rongpoh.kamai/,เวลาทำการ: 08:00 - 17:30,,https://static.wixstatic.com/media/e01c8b_41c89a23ec13402a91267ff455658bea~mv2.jpg,13.0424833,100.9245118,Dealers
ร้านแก้ววัสดุ สรรพสินค้า | SAK WoodWorks ตัวแทนจำหน่าย,หมู่4 27/5 เกาะช้าง อำเภอ เกาะช้าง ตราด 23170,,081-3776788,https://www.facebook.com/Kaewwatsadukohchang/,เวลาทำการ: 07:30 - 17:30,,https://static.wixstatic.com/media/e01c8b_3dcd5549245248e28b848dbdc59eea7e~mv2.png,12.0474227,102.2978826,Dealers
ลำพูนค้าไม้ | SAK WoodWorks ตัวแทนจำหน่าย,111/25 หมู่18 ต.ป่าสัก อ.เมือง จ.ลำพูน เทศบาลเมืองลำพูน 51000,,080-6789979,https://th-th.facebook.com/Lamphuntimber,เวลาทำการ: 08:00 - 17:00,,https://static.wixstatic.com/media/e01c8b_61857873a2d64747a5d5797eefb2e025~mv2.jpg,18.5569611,99.0382053,Dealers
มาโฮมพิบูลกิจ | SAK WoodWorks ตัวแทนจำหน่าย,444 หมู่ 4 ถนน มิตรภาพ ตำบลบ้านจั่น อำเภอเมืองอุดรธานี อุดรธานี 41000,,094-3574321,https://www.facebook.com/ma-Home-220727538104090/,เวลาทำการ: 08:00 - 17:00,,https://static.wixstatic.com/media/e01c8b_44aebf1c7bf34be3b9ea3b2baa88f9a4~mv2.png,17.3587651,102.8172463,Dealers
เจริญภัณฑ์ค้าไม้ | SAK WoodWorks ตัวแทนจำหน่าย,4119 ตำบล ท่ายาง อำเภอเมืองชุมพร ชุมพร 86000,,077-521706,https://www.facebook.com/jpwoodchumphon,เวลาทำการ: 08:00 - 17:00,,https://static.wixstatic.com/media/e01c8b_d3b676df07b444cb88d5fd71e7ef1b05~mv2.png,10.4467715,99.2121312,Dealers
สุุราษวินเทจ ไม้พาเลท | SAK WoodWorks ตัวแทนจำหน่าย,หนองไทร อำเภอพุนพิน สุราษฎร์ธานี 84130,,061-4946449,https://www.facebook.com/suratvintage,เวลาทำการ: 08:00 - 17:00,,https://static.wixstatic.com/media/e01c8b_9ad276706a8e46e0a0efd5fd0d273c65~mv2.jpg,9.108403,99.1452393,Dealers
เอ็น พี เอส วังสารภี ไม้สนนอก | SAK WoodWorks ตัวแทนจำหน่าย,170/10 ม.8 ต อ.เมือง กาญจนบุรี 71000,,087-107-8971,https://www.facebook.com/%E0%B9%80%E0%B8%AD%E0%B9%87%E0%B8%99%E0%B8%9E%E0%B8%B5%E0%B9%80%E0%B8%AD%E0%B8%AA-%E0%B9%84%E0%B8%A1%E0%B9%89%E0%B8%AA%E0%B8%99%E0%B8%99%E0%B8%AD%E0%B8%81-%E0%B8%A7%E0%B8%B1%E0%B8%87%E0%B8%AA%E0%B8%B2%E0%B8%A3%E0%B8%A0%E0%B8%B5-103082944840149,เวลาทำการ: 08:00 - 17:00,,https://static.wixstatic.com/media/e01c8b_edd43c73440b457684cc106d9bdf50f4~mv2.jpg,14.031888,99.5588575,Dealers
กิจไพบูลย์ ค้าไม้ | SAK WoodWorks ตัวแทนจำหน่าย,"265, ถนนทางหลวงสาย 2392, ต.บัวแดง อ.ปทุมรัตต์ จ.ร้อยเอ็ด, 45190",,081-3804582,,เวลาทำการ: 08:00 - 17:00,,https://static.wixstatic.com/media/e01c8b_d94c999406e94afcbeaf934b5abeffcc~mv2.jpg,15.6298077,103.3423301,Dealers
อารมย์ค้าไม้ | SAK WoodWorks ตัวแทนจำหน่าย,344 ม.4 ต.วังก์พง อ.ปราณบุรี จ.ประจวบคีรีขันธ์ 77120,,088-5791123,https://www.facebook.com/%E0%B8%AD%E0%B8%B2%E0%B8%A3%E0%B8%A1%E0%B8%A2%E0%B9%8C%E0%B8%84%E0%B9%89%E0%B8%B2%E0%B9%84%E0%B8%A1%E0%B9%89-232226656977482/,เวลาทำการ: 08:00 - 17:00,,https://static.wixstatic.com/media/e01c8b_57d6a8234b144923b94a9ee7b85b795f~mv2.png,12.39782,99.92104,Dealers
บ้านเกาะค้าไม้ | SAK WoodWorks ตัวแทนจำหน่าย,976/2 ม.1 ถ.สุรนารายณ์ ต.บ้านเกาะ อ.เมือง จ.นครราชสีมา 3000,,044-371333,https://liff.line.me/1645278921-kWRPP32q/gis0151h/profile/img?accountId=gis0151h,เวลาทำการ: 08:00 - 17:00,,https://static.wixstatic.com/media/e01c8b_ee42f81bd5844af38c4e6125bc1ef5d5~mv2.jpg,15.017584,102.138137,Dealers
โรงงานจำหน่ายเฟอร์นิเจอร์ไม้ ระยอง พงษ์กิจพานิช | SAK WoodWorks ตัวแทนจำหน่าย,38 1 ถ. จันทอุดม ตำบล ท่าประดู่ อำเภอเมืองระยอง ระยอง 21000,,081-6382794,https://www.facebook.com/profile.php?id=100057251246490,เวลาทำการ: 08:00 - 17:00,,https://static.wixstatic.com/media/e01c8b_2cae0ab94312445bb6a7d0e7e45d4d63~mv2.jpg,12.6883377,101.2745525,Dealers
ทรีเค โฮมโซลูชั่น | SAK WoodWorks ตัวแทนจำหน่าย,681 ถนน เลี่ยงเมือง (สายเอเซีย) ต.ควนลัง อ.หาดใหญ่ จ.สงขลา,,074 260 900,https://www.facebook.com/SCGHOME.HATYAI,เวลาทำการ: 08:30 - 17:30,,https://static.wixstatic.com/media/e01c8b_77c7547b36764ade952ab586a1b0dde7~mv2.png,6.9845261,100.441925,Dealers
จี วูด | SAK WoodWorks ตัวแทนจำหน่าย,5 ต.แม่กลอง อ.เมือง จ.สมุทรสงคราม 75000,,064-7903949,https://www.facebook.com/profile.php?id=61562995890996,เวลาทำการ: 08:30 - 17:30,,https://static.wixstatic.com/media/e01c8b_ca0b3074d1f44a23a598eba31e84534d~mv2.jpg,13.4136217,100.0035257,Dealers
ควอลิตี้ โฮมมาร์ท | SAK WoodWorks ตัวแทนจำหน่าย,"69/4, 69/5 Moo8, Si Sunthon, Thalang District, Phuket 83110",,087-6265693,http://www.qualityhomemart.com,เวลาทำการ: 07:30 - 17:30,,https://static.wixstatic.com/media/e01c8b_00e30a4db2374cbdb7407b774a70b427~mv2.jpg,7.9995525,98.3460792,Dealers
อำนาจค้าไม้หัวหิน | SAK WoodWorks ตัวแทนจำหน่าย,314 ม.4 ต.หินเหล็กไฟ อ.หัวหิน จ.ประจวบคีรีขันธ์ 77110,,088-4666881,https://www.facebook.com/profile.php?id=100011364486230,เวลาทำการ: 07:30 - 17:30,,,12.5826436,99.8450729,Dealers
ไทวัสดุ | สาขาบางบัวทอง,หมู่ที่ 1 59/9 ถนน กาญจนาภิเษก ตำบล บางบัวทอง อำเภอบางบัวทอง นนทบุรี 11110,,02-1015400,http://www.thaiwatsadu.com/location-01.html,เวลาทำการ: 07:00 - 21:00,,https://static.wixstatic.com/media/f3e970_2aa424bf181245e38f87a50767673897~mv2.jpg,13.9287983,100.4110211,ไทวัสดุ
ไทวัสดุ | สาขาสุขาภิบาล3,252 ถ.รามคำแหง แขวงมีนบุรี เขตมีนบุรี กรุงเทพมหานคร 10510,,02-1013200,http://www.thaiwatsadu.com/location-02.html,เวลาทำการ: 07:00 - 21:00,,https://static.wixstatic.com/media/f3e970_2aa424bf181245e38f87a50767673897~mv2.jpg,13.8108978,100.7336926,ไทวัสดุ
ไทวัสดุ | สาขาบางนา,54 หมู่ที่ 13 แขวงบางแก้ว เขตบางพลี สมุทรปราการ 10540,,02-1015200,http://www.thaiwatsadu.com/location-03.html,เวลาทำการ: 07:00 - 21:00,,https://static.wixstatic.com/media/f3e970_2aa424bf181245e38f87a50767673897~mv2.jpg,13.6610896,100.6358968,ไทวัสดุ
ไทวัสดุ | สาขานวมินทร์,"345,345/1 ถนนนวมินทร์ แขวงนวลจันทร์ เขตบึงกุ่ม กรุงเทพมหานคร 10240",,02-1012770,http://www.thaiwatsadu.com/location-37.html,เวลาทำการ: 07:00 - 21:00,,https://static.wixstatic.com/media/f3e970_2aa424bf181245e38f87a50767673897~mv2.jpg,13.8240004,100.6532894,ไทวัสดุ
ไทวัสดุ | สาขาแจ้งวัฒนะ,78 หมู่ที่ 4 ตำบลบางตลาด อำเภอปากเกร็ด จังหวัดนนทบุรี 11120,,02-1033200,http://www.thaiwatsadu.com/location-40.html,เวลาทำการ: 07:00 - 21:00,,https://static.wixstatic.com/media/f3e970_2aa424bf181245e38f87a50767673897~mv2.jpg,13.8988378,100.5390948,ไทวัสดุ
ไทวัสดุ | สาขารังสิต,13/214 หมู่ที่ 2 ตำบลคลองหนึ่ง อำเภอคลองหลวง จังหวัดปทุมธานี 12120,,02-1033100,http://www.thaiwatsadu.com/location-41.html,เวลาทำการ: 07:00 - 21:00,,https://static.wixstatic.com/media/f3e970_2aa424bf181245e38f87a50767673897~mv2.jpg,14.0162897,100.6108537,ไทวัสดุ
ไทวัสดุ | สาขาพระราม 2,268/2 ถนนพระรามที่ 2 แขวงแสมดำ เขตบางขุนเทียน กรุงเทพมหานคร 10150,,02-1023700,http://www.thaiwatsadu.com/location-42.html,เวลาทำการ: 07:00 - 21:00,,https://static.wixstatic.com/media/f3e970_2aa424bf181245e38f87a50767673897~mv2.jpg,13.6532197,100.4203278,ไทวัสดุ
ไทวัสดุ | สาขาชัยพฤกษ์,46/21 หมู่ที่ 5 ตำบลบางพลับ อำเภอปากเกร็ด จังหวัดนนทบุรี 11120,,0-21029000,http://www.thaiwatsadu.com/location-43.html,เวลาทำการ: 07:00 - 21:00,,https://static.wixstatic.com/media/f3e970_2aa424bf181245e38f87a50767673897~mv2.jpg,13.9348081,100.4525125,ไทวัสดุ
ไทวัสดุ | สาขาลำลูกกา,67 หมู่ที่ 11 ตำบลลำลูกกา อำเภอลำลูกกา จังหวัดปทุมธานี 12150,,02-1022400,http://www.thaiwatsadu.com/location-44.html,เวลาทำการ: 07:00 - 21:00,,https://static.wixstatic.com/media/f3e970_2aa424bf181245e38f87a50767673897~mv2.jpg,13.9371634,100.7512023,ไทวัสดุ
ไทวัสดุ | สาขาอ้อมน้อย,200/101 หมู่ที่6 ตำบลอ้อมน้อย อำเภอกระทุ่มแบน จังหวัดสมุทรสาคร 74130,,034-112500,http://www.thaiwatsadu.com/location-45.html,เวลาทำการ: 07:00 - 21:00,,https://static.wixstatic.com/media/f3e970_2aa424bf181245e38f87a50767673897~mv2.jpg,13.7057309,100.298788,ไทวัสดุ
ไทวัสดุ | สาขาบางพลี,111/15 หมู่ที่ 9 ตำบลบางปลา อำเภอบางพลี จังหวัดสมุทรปราการ 10540,,02-1012500,http://www.thaiwatsadu.com/location-36.html,เวลาทำการ: 07:00 - 21:00,,https://static.wixstatic.com/media/f3e970_2aa424bf181245e38f87a50767673897~mv2.jpg,13.5931605,100.7616868,ไทวัสดุ
ไทวัสดุ | สาขาปทุมธานี,99/10 หมู่ที่ 5 ตำบลบางเดื่อ อำเภอเมืองปทุมธานี จังหวัดปทุมธานี 12000,,02-1015600,http://www.thaiwatsadu.com/location-32.html,เวลาทำการ: 07:00 - 20:00,,https://static.wixstatic.com/media/f3e970_2aa424bf181245e38f87a50767673897~mv2.jpg,13.9824732,100.5127733,ไทวัสดุ
ไทวัสดุ | สาขาศาลายา,8 หมู่ 1 ตำบลทรงคนอง อำเภอสามพราน นครปฐม 73210,,034-100500,http://www.thaiwatsadu.com/location-25.html,เวลาทำการ: 07:30 - 20:00,,https://static.wixstatic.com/media/f3e970_2aa424bf181245e38f87a50767673897~mv2.jpg,13.7870544,100.2713479,ไทวัสดุ
ไทวัสดุ | สาขามหาชัย,5/5 หมู่ที่ 3 ตำบลนาดี อำเภอเมืองสมุทรสาคร จังหวัดสมุทรสาคร 74000,,034-110600,http://www.thaiwatsadu.com/location-07.html,เวลาทำการ: 07:00 - 20:00,,https://static.wixstatic.com/media/f3e970_2aa424bf181245e38f87a50767673897~mv2.jpg,13.5806974,100.3018763,ไทวัสดุ
ไทวัสดุ | สาขาชะอำ,224 หมู่ที่ 1 ต.ชะอำ อ.ชะอำ จ.เพชรบุรี 40000,,032-890300,http://www.thaiwatsadu.com/location-13.html,เวลาทำการ: 07:30 - 20:00,,https://static.wixstatic.com/media/f3e970_2aa424bf181245e38f87a50767673897~mv2.jpg,12.7292872,99.9535283,ไทวัสดุ
ไทวัสดุ | สาขาลพบุรี,224 หมู่ที่ 1 ต.ในเมือง อ.เมือง จ.ลพบุรี 40000,,036-680400,http://www.thaiwatsadu.com/location-14.html,เวลาทำการ: 07:30 - 20:00,,https://static.wixstatic.com/media/f3e970_2aa424bf181245e38f87a50767673897~mv2.jpg,14.7739598,100.6929328,ไทวัสดุ
ไทวัสดุ | สาขาสุพรรณบุรี,77/7 หมู่ที่ 4 ตำบลสนามชัย อำเภอเมืองสุพรรณบุรีจังหวัดสุพรรณบุรี 72000,,035-960300,http://www.thaiwatsadu.com/location-19.html,เวลาทำการ: 07:00 - 21:00,,https://static.wixstatic.com/media/f3e970_2aa424bf181245e38f87a50767673897~mv2.jpg,14.4763469,100.1306721,ไทวัสดุ
ไทวัสดุ | สาขากาญจนบุรี,111 หมู่ที่ 9 ตำบลปากแพรก อำเภอเมืองกาญจนบุรี จังหวัดกาญจนบุรี 71000,,034-910-200,http://www.thaiwatsadu.com/location-20.html,เวลาทำการ: 08:00 - 19:00,,https://static.wixstatic.com/media/f3e970_2aa424bf181245e38f87a50767673897~mv2.jpg,14.0201354,99.5519944,ไทวัสดุ
ไทวัสดุ | สาขาสระบุรี,8/9 หมู่ที่ 8 ตำบลตลิ่งชัน อำเภอเมืองสระบุรีจังหวัดสระบุรี 18000,,036-670500,http://www.thaiwatsadu.com/location-31.html,เวลาทำการ: 07:30 - 20:00,,https://static.wixstatic.com/media/f3e970_2aa424bf181245e38f87a50767673897~mv2.jpg,14.5430734,100.9477623,ไทวัสดุ
ไทวัสดุ | สาขานครปฐม,200 หมู่ 9 ตำบลลำพยา อำเภอเมืองนครปฐม จังหวัดนครปฐม 73000,,034-102500,http://www.thaiwatsadu.com/location-47.html,เวลาทำการ: 08:00 - 20:00,,https://static.wixstatic.com/media/f3e970_2aa424bf181245e38f87a50767673897~mv2.jpg,13.8086295,100.0258,ไทวัสดุ
ไทวัสดุ | สาขาหนองจอก,97 ถนนเลียบวารี แขวงกระทุ่มราย เขตหนองจอก กรุงเทพ 10530,,02-5506900,http://www.thaiwatsadu.com/location-50.html,เวลาทำการ: 08:30 - 18:30,,https://static.wixstatic.com/media/f3e970_2aa424bf181245e38f87a50767673897~mv2.jpg,13.8552054,100.8538356,ไทวัสดุ
ไทวัสดุ | สาขาเพชรบุรี,120 หมู่ 9 ตำบลท่าเสน  อำเภอบ้านลาด  จังหวัดเพชรบุรี 76150,,032-890700,http://www.thaiwatsadu.com/location-52.html,เวลาทำการ: 08:00 - 20:00,,https://static.wixstatic.com/media/f3e970_2aa424bf181245e38f87a50767673897~mv2.jpg,12.8919866,99.8093444,ไทวัสดุ
ไทวัสดุ | สาขาเพชรบูรณ์,40 หมู่ 5 ตำบลบ้านโตก อำเภอเมืองเพชรบูรณ์ เพชรบูรณ์ 67000,,056-020300,http://www.thaiwatsadu.com/location-23.html,เวลาทำการ: 08:30 - 18:30,,https://static.wixstatic.com/media/f3e970_2aa424bf181245e38f87a50767673897~mv2.jpg,16.3752072,101.1167488,ไทวัสดุ
ไทวัสดุ | สาขาพิษณุโลก,ที่อยู่ 788 หมู่ที่ 7 ตำบลสมอแข อำเภอเมืองพิษณุโลก จังหวัดพิษณุโลก 65000,,055-000500,http://www.thaiwatsadu.com/location-04.html,เวลาทำการ: 07:30 - 20:00,,https://static.wixstatic.com/media/f3e970_2aa424bf181245e38f87a50767673897~mv2.jpg,16.8151629,100.3308536,ไทวัสดุ
ไทวัสดุ | สาขาลำปาง,70 ถนนไฮเวย์-ลำปาง-งาว ตำบลชมพู อำเภอเมืองลำปาง จังหวัดลำปาง 52100,,054-010300,http://www.thaiwatsadu.com/location-05.html,เวลาทำการ: 07:00 - 19:00,,https://static.wixstatic.com/media/f3e970_2aa424bf181245e38f87a50767673897~mv2.jpg,18.2684289,99.4737338,ไทวัสดุ
ไทวัสดุ | สาขาเชียงใหม่,111 หมู่ 1 ตำบลไชยสถาน อำเภอสารภีจังหวัดเชียงใหม่ 50140,,052-001200,http://www.thaiwatsadu.com/location-17.html,เวลาทำการ: 08:30 - 18:30,,https://static.wixstatic.com/media/f3e970_2aa424bf181245e38f87a50767673897~mv2.jpg,18.7212189,99.0408146,ไทวัสดุ
ไทวัสดุ | สาขาตาก,234 หมู่ที่ 1 ตำบลแม่ท้อ อำเภอเมืองตาก จังหวัดตาก 63000,,055-030300,http://www.thaiwatsadu.com/location-28.html,เวลาทำการ: 08:30 - 18:30,,https://static.wixstatic.com/media/f3e970_2aa424bf181245e38f87a50767673897~mv2.jpg,16.8484932,99.1093172,ไทวัสดุ
ไทวัสดุ | สาขาเชียงราย,99/20 หมู่ 13 ตำบลสันทราย อำเภอเมืองเชียงราย จังหวัดเชียงราย 57000,,052-020600,http://www.thaiwatsadu.com/location-39.html,เวลาทำการ: 07:30 - 20:00,,https://static.wixstatic.com/media/f3e970_2aa424bf181245e38f87a50767673897~mv2.jpg,19.8716742,99.8306224,ไทวัสดุ
ไทวัสดุ | สาขาบุรีรัมย์,55 หมู่ที่ 1 ตำบลบ้านบัว อำเภอเมืองบุรีรัมย์ จังหวัดบุรีรัมย์ 31000,,044-110800,http://www.thaiwatsadu.com/location-06.html,เวลาทำการ: 07:30 - 19:00,,https://static.wixstatic.com/media/f3e970_2aa424bf181245e38f87a50767673897~mv2.jpg,14.9562146,103.051399,ไทวัสดุ
ไทวัสดุ | สาขาสุรินทร์,322 หมู่ที่ 2 ตำบลนอกเมือง อำเภอเมืองสุรินทร์ จังหวัดสุรินทร์ 32000,,044-060700,http://www.thaiwatsadu.com/location-08.html,เวลาทำการ: 07:30 - 19:00,,https://static.wixstatic.com/media/f3e970_2aa424bf181245e38f87a50767673897~mv2.jpg,14.864134,103.5213292,ไทวัสดุ
ไทวัสดุ | สาขาสกลนคร,106 หมู่ที่ 15 ต. ห้วยยาง อ.เมืองสกลนคร จ.สกลนคร 4700,,042-090-500,http://www.thaiwatsadu.com/location-09.html,เวลาทำการ: 08:00 - 19:00,,https://static.wixstatic.com/media/f3e970_2aa424bf181245e38f87a50767673897~mv2.jpg,17.1409386,104.1017306,ไทวัสดุ
ไทวัสดุ | สาขาขอนแก่น,224 หมู่ที่ 1 ต.สำราญ อ.เมืองขอนแก่น จ.ขอนแก่น 40000,,043-000-300,http://www.thaiwatsadu.com/location-11.html,เวลาทำการ: 07:30 - 20:00,,https://static.wixstatic.com/media/f3e970_2aa424bf181245e38f87a50767673897~mv2.jpg,16.5237445,102.8281876,ไทวัสดุ
ไทวัสดุ | สาขาอุบลราชธานี,267 หมู่ที่ 7 ตำบลแจระแม อำเภอเมืองอุบลราชธานีจังหวัดอุบลราชธานี 34000,,045-950500,http://www.thaiwatsadu.com/location-16.html,เวลาทำการ: 07:30 - 19:00,,https://static.wixstatic.com/media/f3e970_2aa424bf181245e38f87a50767673897~mv2.jpg,15.2330139,104.8213449,ไทวัสดุ
ไทวัสดุ | สาขาร้อยเอ็ด,444 หมู่ที่ 7 ตำบลดงลาน อำเภอเมืองร้อยเอ็ด จังหวัดร้อยเอ็ด 45000,,043-030500,http://www.thaiwatsadu.com/location-18.html,เวลาทำการ: 07:30 - 19:00,,https://static.wixstatic.com/media/f3e970_2aa424bf181245e38f87a50767673897~mv2.jpg,16.0560985,103.6205732,ไทวัสดุ
ไทวัสดุ | สาขามหาสารคาม,303 หมู่ 11 ตำบลเกิ้ง อำเภอเมืองมหาสารคาม จังหวัดมหาสารคาม 44000,,043-020300,http://www.thaiwatsadu.com/location-24.html,เวลาทำการ: 07:30 - 19:00,,https://static.wixstatic.com/media/f3e970_2aa424bf181245e38f87a50767673897~mv2.jpg,16.2126498,103.2709451,ไทวัสดุ
ไทวัสดุ | สาขามุกดาหาร,331 ถนนชยางกูร ตำบลมุกดาหาร อำเภอเมืองมุกดาหาร จังหวักมุกดาหาร,,042-040300,http://www.thaiwatsadu.com/location-26.html,เวลาทำการ: 07:30 - 19:00,,https://static.wixstatic.com/media/f3e970_2aa424bf181245e38f87a50767673897~mv2.jpg,16.5816953,104.7161519,ไทวัสดุ
ไทวัสดุ | สาขาอุดรธานี,608 หมู่ 4 ต.หนองขอนกว้าง อ.เมืองอุดรธานี จ.อุดรธานี 41000,,042-110800,http://www.thaiwatsadu.com/location-29.html,เวลาทำการ: 07:30 - 20:00,,https://static.wixstatic.com/media/f3e970_2aa424bf181245e38f87a50767673897~mv2.jpg,17.3750351,102.8249725,ไทวัสดุ
ไทวัสดุ | สาขาหนองบัวลำภู,310 หมู่ที่ 5 ตำบลหนองภัยศูนย์ อำเภอเมืองหนองบัวลำภู จังหวัดหนองบัวลำภู 39000,,042-110200,http://www.thaiwatsadu.com/location-30.html,เวลาทำการ: 08:30 - 18:30,,https://static.wixstatic.com/media/f3e970_2aa424bf181245e38f87a50767673897~mv2.jpg,17.2280403,102.4072153,ไทวัสดุ
ไทวัสดุ | สาขานครราชสีมา,475 หมู่1 ตำบลปรุใหญ่ อำเภอเมือง จังหวัดนครราชสีมา 30000,,044-002400,http://www.thaiwatsadu.com/location-46.html,เวลาทำการ: 07:30 - 20:00,,https://static.wixstatic.com/media/f3e970_2aa424bf181245e38f87a50767673897~mv2.jpg,14.8773327,102.0378305,ไทวัสดุ
ไทวัสดุ | สาขาปากช่อง,7 หมู่ 11 ตำบลหนองน้ำแดง อำเภอปากช่อง จังหวัดนครราชสีมา 30130,,044-002500,http://www.thaiwatsadu.com/location-51.html,เวลาทำการ: 08:00 - 20:00,,https://static.wixstatic.com/media/f3e970_2aa424bf181245e38f87a50767673897~mv2.jpg,14.6527294,101.4026921,ไทวัสดุ
ไทวัสดุ | สาขาฉะเชิงเทรา,99 หมู่ที่ 2 ตำบลโสธร อำเภอเมืองฉะเชิงเทรา จังหวัดฉะเชิงเทรา 24000,,033-590200,http://www.thaiwatsadu.com/location-22.html,เวลาทำการ: 07:30 - 20:00,,https://static.wixstatic.com/media/f3e970_2aa424bf181245e38f87a50767673897~mv2.jpg,13.6644281,101.0452966,ไทวัสดุ
ไทวัสดุ | สาขาระยอง,999/9 หมู่ที่ 1 ตำบลเชิงเนิน อำเภอเมืองระยอง จังหวัดระยอง 21000,,033-650500,http://www.thaiwatsadu.com/location-21.html,เวลาทำการ: 07:30 - 19:00,,https://static.wixstatic.com/media/f3e970_2aa424bf181245e38f87a50767673897~mv2.jpg,12.6716037,101.3014608,ไทวัสดุ
ไทวัสดุ | สาขาจันทบุรี,999 หมู่ที่ 2 ต.ท่าช้าง อ.เมืองจันทบุรี จ.จันทบุรี 22000,,039-600100,http://www.thaiwatsadu.com/location-15.html,เวลาทำการ: 07:30 - 19:00,,https://static.wixstatic.com/media/f3e970_2aa424bf181245e38f87a50767673897~mv2.jpg,12.6614172,102.074571,ไทวัสดุ
ไทวัสดุ | สาขาชลบุรี,413/81 หมู่ที่ 5 ตำบลบ้านสวน อำเภอเมืองชลบุรี จังหวัดชลบุรี 20000,,033-000200,http://www.thaiwatsadu.com/location-33.html,เวลาทำการ: 07:30 - 20:00,,https://static.wixstatic.com/media/f3e970_2aa424bf181245e38f87a50767673897~mv2.jpg,13.3565062,100.9967007,ไทวัสดุ
ไทวัสดุ | สาขาพัทยาใต้,80/3 หมู่ที่ 12 ตำบลหนองปรือ อำเภอบางละมุง จังหวัดชลบุรี 20150,,033-002600,http://www.thaiwatsadu.com/location-34.html,เวลาทำการ: 07:30 - 20:00,,https://static.wixstatic.com/media/f3e970_2aa424bf181245e38f87a50767673897~mv2.jpg,12.8870701,100.8947881,ไทวัสดุ
ไทวัสดุ | สาขาศรีราชา,92/10 หมู่ที่ 10 ตำบลหนองขาม อำเภอศรีราชา จังหวัดชลบุรี 20230,,033-000100,http://www.thaiwatsadu.com/location-38.html,เวลาทำการ: 07:00 - 20:00,,https://static.wixstatic.com/media/f3e970_2aa424bf181245e38f87a50767673897~mv2.jpg,13.141853,100.9820906,ไทวัสดุ
ไทวัสดุ | สาขาศรีมหาโพธิ,898 หมู่ 7 ตำบลท่าตูม อำเภอศรีมหาโพธิ จังหวัดปราจีนบุรี 25140,,037-620400,http://www.thaiwatsadu.com/location-48.html,เวลาทำการ: 08:00 - 20:00,,https://static.wixstatic.com/media/f3e970_2aa424bf181245e38f87a50767673897~mv2.jpg,13.8923887,101.573472,ไทวัสดุ
ไทวัสดุ | สาขาบ้านฉาง,55/4 หมู่ 1 ตำบลบ้านฉาง อำเภอบ้านฉาง จังหวัดระยอง 21130,,033-014-600,http://www.thaiwatsadu.com/location-49.html,เวลาทำการ: 08:00 - 20:00,,https://static.wixstatic.com/media/f3e970_2aa424bf181245e38f87a50767673897~mv2.jpg,12.734092,101.0745575,ไทวัสดุ
ไทวัสดุ | สาขาสุราษฎร์ธานี,43 หมู่ที่ 1 ต.ท่าทองใหม่ อ.กาญจนดิษฐ์ จ.สุราษฎร์ธานี 84290,,077-961400,http://www.thaiwatsadu.com/location-10.html,เวลาทำการ: 07:30 - 19:00,,https://static.wixstatic.com/media/f3e970_2aa424bf181245e38f87a50767673897~mv2.jpg,9.1493139,99.3965966,ไทวัสดุ
ไทวัสดุ | สาขาหาดใหญ่,1119 หมู่ 1 ถนน เลี่ยงเมือง(สายเอเชีย) ตำบลควนลัง อำเภอหาดใหญ่ จังหวัดสงขลา 90110,,074-800400,http://www.thaiwatsadu.com/location-12.html,เวลาทำการ: 07:00 - 20:00,,https://static.wixstatic.com/media/f3e970_2aa424bf181245e38f87a50767673897~mv2.jpg,6.9857381,99.8697966,ไทวัสดุ
ไทวัสดุ | สาขาตรัง,7/4 หมู่ที่ 7 ตำบลบ้านโพธิ์ อำเภอเมืองตรัง จังหวัดตรัง 92000,,075-820700,http://www.thaiwatsadu.com/location-27.html,เวลาทำการ: 07:30 - 19:00,,https://static.wixstatic.com/media/f3e970_2aa424bf181245e38f87a50767673897~mv2.jpg,7.5680494,99.6424478,ไทวัสดุ
ไทวัสดุ | สาขาภูเก็ต ถลาง,46/13 หมู่ที่ 5 ตำบลศรีสุนทร อำเภอถลาง จังหวัดภูเก็ต 83110,,076-601300,http://www.thaiwatsadu.com/location-35.html,เวลาทำการ: 07:30 - 20:00,,https://static.wixstatic.com/media/f3e970_2aa424bf181245e38f87a50767673897~mv2.jpg,7.9864425,98.3550888,ไทวัสดุ
เมก้าโฮม | สาขารังสิต (สำนักงานใหญ่),49 หมู่ที่ 5 ตำบลคลองหนึ่ง อำเภอคลองหลวง จังหวัดปทุมธานี 12120,,1347,http://www.megahome.co.th/,เวลาทำการ: 07:00 - 21:00,,https://static.wixstatic.com/media/f3e970_4c017de249b842e5abcc12d6a6cc8d6a~mv2.jpg,14.0432255,100.6156019,เมก้าโฮม
เมก้าโฮม | สาขามีนบุรี (เยื้องวัดแสนสุข),81 ถนนสุวินทวงศ์ แขวงมีนบุรี เขตมีนบุรี กรุงเทพมหานคร 10510,,02-0290888,http://www.megahome.co.th/,เวลาทำการ: 07:00 - 21:00,,https://static.wixstatic.com/media/f3e970_4c017de249b842e5abcc12d6a6cc8d6a~mv2.jpg,13.819689,100.665207,เมก้าโฮม
เมก้าโฮม | สาขาบางนา (บางนา-ตราด กม.27 เยื้องอ.บางบ่อ),230 หมู่ 4 ตำบลบางบ่อ อำเภอบางบ่อ จังหวัดสมุทรปราการ 10560,,02-0297777,http://www.megahome.co.th/,เวลาทำการ: 07:00 - 21:00,,https://static.wixstatic.com/media/f3e970_4c017de249b842e5abcc12d6a6cc8d6a~mv2.jpg,13.5867824,100.8456268,เมก้าโฮม
เมก้าโฮม | สาขาโรจนะ จ.พระนครศรีอยุธยา (300 ม.จากแยกอุทัย),522 หมู่ที่ 2 ตําบลสามเรือน อําเภอบางปะอิน จังหวัดพระนครศรีอยุธยา 13160,,035-958000,http://www.megahome.co.th/,เวลาทำการ: 08:00 - 20:00,,https://static.wixstatic.com/media/f3e970_4c017de249b842e5abcc12d6a6cc8d6a~mv2.jpg,14.3069678,100.6454252,เมก้าโฮม
เมก้าโฮม | สาขาแม่สอด (ตรงข้ามสนามบิน),1108 หมู่ที่ 1 ตำบลท่าสายลวด อำเภอแม่สอด จังหวัดตาก 63110,,055-034111,http://www.megahome.co.th/,เวลาทำการ: 08:00 - 20:00,,https://static.wixstatic.com/media/f3e970_4c017de249b842e5abcc12d6a6cc8d6a~mv2.jpg,16.7060791,98.5423204,เมก้าโฮม
เมก้าโฮม | สาขาหนองคาย (แยกพญานาค),999 หมู่ที่ 5 ตำบลมีชัย อำเภอเมืองหนองคาย จังหวัดหนองคาย 43000,,042-028111,http://www.megahome.co.th/,เวลาทำการ: 08:00 - 20:00,,https://static.wixstatic.com/media/f3e970_4c017de249b842e5abcc12d6a6cc8d6a~mv2.jpg,17.0037566,98.3983184,เมก้าโฮม
เมก้าโฮม | สาขาบ่อวิน (แยกอมตะซิตี้),333/143 หมู่ที่ 3 ตำบลบ่อวิน อำเภอศรีราชา จังหวัดชลบุรี 20230,,033-045999,http://www.megahome.co.th/,เวลาทำการ: 07:00 - 21:00,,https://static.wixstatic.com/media/f3e970_4c017de249b842e5abcc12d6a6cc8d6a~mv2.jpg,13.0245344,101.0674487,เมก้าโฮม
เมก้าโฮม | สาขากบินทร์บุรี (แยกกบินทร์บุรี),61 หมู่ที่ 8 ตำบลเมืองเก่า อำเภอเมืองกบินทร์บุรี จังหวัดปราจีนบุรี 25240,,037-480222,http://www.megahome.co.th/,เวลาทำการ: 08:00 - 20:00,,https://static.wixstatic.com/media/f3e970_4c017de249b842e5abcc12d6a6cc8d6a~mv2.jpg,13.5120988,101.0031693,เมก้าโฮม
เมก้าโฮม | สาขาอรัญประเทศ (ใกล้โรงแรมอินโดจีน),2 หมู่ที่ 7 ตำบลบ้านใหม่หนองไทร อำเภออรัญประเทศ จังหวัดสระแก้ว 27120,,037-640111,http://www.megahome.co.th/,เวลาทำการ: 08:00 - 20:00,,https://static.wixstatic.com/media/f3e970_4c017de249b842e5abcc12d6a6cc8d6a~mv2.jpg,13.7103351,102.5072613,เมก้าโฮม
เมก้าโฮม | สาขาหาดใหญ่ (ถนนเลี่ยงเมือง สายเอเซีย เยื้อง ม.หาดใหญ่),89 หมู่ที่ 1 ถนนเลี่ยงเมือง (สายเอเซีย) ตำบลควนลัง อำเภอเมือง จังหวัดสงขลา 90110,,074-803888,http://www.megahome.co.th/,เวลาทำการ: 08:00 - 20:00,,https://static.wixstatic.com/media/f3e970_4c017de249b842e5abcc12d6a6cc8d6a~mv2.jpg,6.98184,100.4583104,เมก้าโฮม
เมก้าโฮม | สาขานครราชสีมา,668 หมู่ที่ 8 ตำบลหมื่นไวย อำเภอเมืองนครราชสีมา จังหวัดนครราชสีมา 30000,,044-003500,http://www.megahome.co.th/,เวลาทำการ: 08:00 - 20:00,,https://static.wixstatic.com/media/f3e970_4c017de249b842e5abcc12d6a6cc8d6a~mv2.jpg,14.9971841,102.1051922,เมก้าโฮม
เมก้าโฮม | สาขานครพนม (ถนนนิตโย ติดเทสโก้โลตัส),333/7 ถนนนิตโย ตำบลหนองญาติ อำเภอเมืองนครพนม จังหวัดนครพนม 48000,,042-064111,http://www.megahome.co.th/,เวลาทำการ: 08:00 - 20:00,,https://static.wixstatic.com/media/f3e970_4c017de249b842e5abcc12d6a6cc8d6a~mv2.jpg,17.3955465,104.7782346,เมก้าโฮม
เมก้าโฮม | สาขาเชียงราย (แยกราชภัฏ),515 หมู่ที่ 9 ตำบลบ้านดู่ อำเภอเมืองเชียงราย จังหวัดเชียงราย 57100,,052-024141,http://www.megahome.co.th/,เวลาทำการ: 08:00 - 20:01,,https://static.wixstatic.com/media/f3e970_4c017de249b842e5abcc12d6a6cc8d6a~mv2.jpg,19.9783636,99.859287,เมก้าโฮม
เมก้าโฮม | สาขาบ้านฉาง (เยื้องศูนย์โตโยต้า นครระยอง),76/1 หมู่ 1 ตำบลพลา อำเภอบ้านฉาง จังหวัดระยอง 21130,,033-060530,http://www.megahome.co.th/,เวลาทำการ: 08:00 - 20:01,,https://static.wixstatic.com/media/f3e970_4c017de249b842e5abcc12d6a6cc8d6a~mv2.jpg,12.7158143,101.0329249,เมก้าโฮม
ฮาร์ดแวร์เฮาส์ | สาขาบางนา (สำนักงานใหญ่),"89/9 หมู่ 7 ถ.เทพรัตน กม.25 ต.บางเสาธง อ.บางเสาธง จ.สมุทรปราการ, 10570",,02-7072222,https://www.hardwarehouse.co.th/,เวลาทำการ: 07:00 - 19:00,,https://static.wixstatic.com/media/e01c8b_ad6da9ecab0144119a2fe3d97a957660~mv2.png,13.5906467,100.8252812,ฮาร์ดแวร์เฮาส์
ฮาร์ดแวร์เฮาส์ | สาขาเทพารักษ์,8/15 หมู่ 11 ต.บางปลา อ.บางพลี จ.สมุทรปราการ 10540,,02-1091266,https://www.hardwarehouse.co.th/,เวลาทำการ: 07:00 - 19:00,,https://static.wixstatic.com/media/e01c8b_ad6da9ecab0144119a2fe3d97a957660~mv2.png,13.5984063,100.7181377,ฮาร์ดแวร์เฮาส์
ฮาร์ดแวร์เฮาส์ | สาขาศรีราชา,99/25-27 ม.10 ต.หนองขาม อ.ศรีราชา จ.ชลบุรี 20230,,038-320900,https://www.hardwarehouse.co.th/,เวลาทำการ: 07:00 - 19:00,,https://static.wixstatic.com/media/e01c8b_ad6da9ecab0144119a2fe3d97a957660~mv2.png,13.136406,100.9846262,ฮาร์ดแวร์เฮาส์
ฮาร์ดแวร์เฮาส์ | สาขาระยอง,599 หมู่ 6 ต.มะขามคู่ อ.นิคมพัฒนา จ.ระยอง 21180,,038-949999,https://www.hardwarehouse.co.th/,เวลาทำการ: 07:00 - 19:00,,https://static.wixstatic.com/media/e01c8b_ad6da9ecab0144119a2fe3d97a957660~mv2.png,12.9847865,100.9168985,ฮาร์ดแวร์เฮาส์
ฮาร์ดแวร์เฮาส์ | สาขาบ่อวิน,898/8-9 หมู่ 8 ต.เขาคันทรง อ.ศรีราชา จ.ชลบุรี 20110,,033-005489,https://www.hardwarehouse.co.th/,เวลาทำการ: 07:00 - 19:00,,https://static.wixstatic.com/media/e01c8b_ad6da9ecab0144119a2fe3d97a957660~mv2.png,13.0862403,101.165904,ฮาร์ดแวร์เฮาส์
ฮาร์ดแวร์เฮาส์ | สาขาอมตะนคร,89/1-2 หมู่ที่ 2 ตำบลบ้านเก่า อำเภอพานทอง จังหวัดชลบุรี 20160,, 033-006633,https://www.hardwarehouse.co.th/,เวลาทำการ: 07:00 - 19:00,,https://static.wixstatic.com/media/e01c8b_ad6da9ecab0144119a2fe3d97a957660~mv2.png,13.4478254,100.9582825,ฮาร์ดแวร์เฮาส์
ฮาร์ดแวร์เฮาส์ | Big C Extra สาขานครสวรรค์,450 ม.8 ต.นครสวรรค์ตก อ.เมือง จ.นครสวรรค์ 60000,,056-313777,https://www.hardwarehouse.co.th/,เวลาทำการ: 08:00 - 18:00,,https://static.wixstatic.com/media/e01c8b_ad6da9ecab0144119a2fe3d97a957660~mv2.png,15.694406,100.1225614,ฮาร์ดแวร์เฮาส์
ฮาร์ดแวร์เฮาส์ | สาขาพัทยา,31 ม.2 ต.นาจอมเทียน อ.สัตหีบ จ.ชลบุรี 20250,,038-237557-8,https://www.hardwarehouse.co.th/,เวลาทำการ: 08:00 - 18:30,,https://static.wixstatic.com/media/e01c8b_ad6da9ecab0144119a2fe3d97a957660~mv2.png,12.8363536,100.9107959,ฮาร์ดแวร์เฮาส์
ฮาร์ดแวร์เฮาส์ | สาขาสาขาอยุธยา,110/1 หมู่2 ต.คานหาม อ.อุทัย จ.พระนครศรีอยุธยา 13210,,035-902290-3,https://www.hardwarehouse.co.th/,เวลาทำการ: 07:30 - 18:30,,https://static.wixstatic.com/media/e01c8b_ad6da9ecab0144119a2fe3d97a957660~mv2.png,14.3220965,100.6233224,ฮาร์ดแวร์เฮาส์